{"$schema":"http://schema.management.azure.com/schemas/2015-01-01/deploymentTemplate.json#","contentVersion":"1.0.0.0","parameters":{"PowerBIDatasets umfabric":{"type":"string"}},"variables":{},"resources":[{"name":"Pipeline_report_smart_data","type":"pipelines","apiVersion":"2018-06-01","properties":{"activities":[{"name":"sm refresh report","type":"PBISemanticModelRefresh","dependsOn":[],"policy":{"timeout":"0.12:00:00","retry":0,"retryIntervalInSeconds":30,"secureOutput":false,"secureInput":false},"typeProperties":{"method":"post","waitOnCompletion":true,"commitMode":"Transactional","operationType":"SemanticModelRefresh","groupId":"83f751ae-2f96-48a8-b9fb-3622c5d124f1","datasetId":"7635b616-df4e-4098-bbd4-fbee2d8fba79","objects":[{"table":"fact_device"},{"table":"dim_model"},{"table":"dim_display"},{"table":"dim_physical_specs"},{"table":"dim_camera"},{"table":"dim_brand"},{"table":"dim_operationg_system"},{"table":"dim_category"},{"table":"dim_connectivity"},{"table":"dim_time"}]},"externalReferences":{"connection":"[parameters('PowerBIDatasets umfabric')]"}}],"lastModifiedByObjectId":"3c91f097-d25d-4519-b9ed-abb60e8704ed","lastPublishTime":"2025-12-06T21:53:43Z"},"dependsOn":[]}]}