{"$schema":"http://schema.management.azure.com/schemas/2015-01-01/deploymentTemplate.json#","contentVersion":"1.0.0.0","parameters":{"wh_smart_device":{"type":"string"}},"variables":{},"resources":[{"name":"Pipeline_analyze_smart_device","type":"pipelines","apiVersion":"2018-06-01","properties":{"activities":[{"name":"ForEach full load","type":"ForEach","dependsOn":[],"typeProperties":{"items":{"value":"@variables('v_full_load_array')","type":"Expression"},"activities":[{"name":"SP full load","type":"SqlServerStoredProcedure","dependsOn":[],"policy":{"timeout":"0.12:00:00","retry":0,"retryIntervalInSeconds":30,"secureOutput":false,"secureInput":false},"typeProperties":{"storedProcedureName":"[[dbo].[sp_full_load]","storedProcedureParameters":{"SourceDB":{"value":{"value":"@item().p_lh_name","type":"Expression"},"type":"String"},"SourceSchema":{"value":{"value":"@item().p_schema","type":"Expression"},"type":"String"},"SourceTable":{"value":{"value":"@item().p_table","type":"Expression"},"type":"String"}}},"connectionSettings":{"name":"wh_smart_device","properties":{"annotations":[],"type":"DataWarehouse","typeProperties":{"endpoint":"v3sg5usydivu7i35gat6qvzwke-vzi7pa4wf6uerop3gyrmluje6e.datawarehouse.fabric.microsoft.com","artifactId":"[parameters('wh_smart_device')]","workspaceId":"83f751ae-2f96-48a8-b9fb-3622c5d124f1"},"externalReferences":{"connection":"eebf7b4c-851d-4ca4-a8ad-a5cea833a54c"}}}}]}},{"name":"ForEach incremental load","type":"ForEach","dependsOn":[{"activity":"ForEach full load","dependencyConditions":["Succeeded"]}],"typeProperties":{"items":{"value":"@variables('v_incremental_load_array')","type":"Expression"},"isSequential":false,"activities":[{"name":"SP incremental load","type":"SqlServerStoredProcedure","dependsOn":[],"policy":{"timeout":"0.12:00:00","retry":0,"retryIntervalInSeconds":30,"secureOutput":false,"secureInput":false},"typeProperties":{"storedProcedureName":"[[dbo].[sp_incremental_load]","storedProcedureParameters":{"KeyColumn":{"value":{"value":"@item().p_key_column","type":"Expression"},"type":"String"},"SourceDB":{"value":{"value":"@item().p_lh_name","type":"Expression"},"type":"String"},"SourceSchema":{"value":{"value":"@item().p_schema","type":"Expression"},"type":"String"},"SourceTable":{"value":{"value":"@item().p_table","type":"Expression"},"type":"String"},"WatermarkColumn":{"value":{"value":"@item().p_watermark","type":"Expression"},"type":"String"}}},"connectionSettings":{"name":"wh_smart_device","properties":{"annotations":[],"type":"DataWarehouse","typeProperties":{"endpoint":"v3sg5usydivu7i35gat6qvzwke-vzi7pa4wf6uerop3gyrmluje6e.datawarehouse.fabric.microsoft.com","artifactId":"[parameters('wh_smart_device')]","workspaceId":"83f751ae-2f96-48a8-b9fb-3622c5d124f1"},"externalReferences":{"connection":"eebf7b4c-851d-4ca4-a8ad-a5cea833a54c"}}}}]}}],"variables":{"v_full_load_array":{"type":"Array","defaultValue":[{"p_lh_name":"lh_gold","p_schema":"dbo","p_table":"dim_category"},{"p_lh_name":"lh_gold","p_schema":"dbo","p_table":"dim_brand"},{"p_lh_name":"lh_gold","p_schema":"dbo","p_table":"dim_camera"},{"p_lh_name":"lh_gold","p_schema":"dbo","p_table":"dim_connectivity"},{"p_lh_name":"lh_gold","p_schema":"dbo","p_table":"dim_operationg_system"},{"p_lh_name":"lh_gold","p_schema":"dbo","p_table":"dim_time"}]},"v_incremental_load_array":{"type":"Array","defaultValue":[{"p_lh_name":"lh_gold","p_schema":"dbo","p_table":"fact_device","p_key_column":"device_id","p_watermark":"file_date"},{"p_lh_name":"lh_gold","p_schema":"dbo","p_table":"dim_model","p_key_column":"model_id","p_watermark":"file_date"},{"p_lh_name":"lh_gold","p_schema":"dbo","p_table":"dim_display","p_key_column":"display_id","p_watermark":"file_date"},{"p_lh_name":"lh_gold","p_schema":"dbo","p_table":"dim_physical_specs","p_key_column":"physical_spec_id","p_watermark":"file_date"}]}},"lastModifiedByObjectId":"3c91f097-d25d-4519-b9ed-abb60e8704ed","lastPublishTime":"2025-12-06T19:35:35Z"},"dependsOn":[]}]}