{"$schema":"http://schema.management.azure.com/schemas/2015-01-01/deploymentTemplate.json#","contentVersion":"1.0.0.0","parameters":{"FabricDataPipelines umfabric":{"type":"string"},"lh_bronze":{"type":"string"},"wh_smart_device":{"type":"string"},"PowerBIDatasets umfabric":{"type":"string"}},"variables":{},"resources":[{"name":"Pipeline_process_smart_device","type":"pipelines","apiVersion":"2018-06-01","properties":{"activities":[{"name":"Invoke ingestion","type":"InvokePipeline","dependsOn":[],"policy":{"timeout":"0.12:00:00","retry":0,"retryIntervalInSeconds":30,"secureOutput":false,"secureInput":false},"typeProperties":{"waitOnCompletion":true,"operationType":"InvokeFabricPipeline","pipelineId":"36ebabc8-ccf6-44b0-8347-28ae2472a883","workspaceId":"83f751ae-2f96-48a8-b9fb-3622c5d124f1","parameters":{"p_file_date":{"value":"@pipeline().parameters.p_file_date","type":"Expression"},"p_environment":{"value":"@pipeline().parameters.p_environment","type":"Expression"}}},"externalReferences":{"connection":"[parameters('FabricDataPipelines umfabric')]"}},{"name":"Invoke Transformation","type":"InvokePipeline","dependsOn":[{"activity":"Invoke ingestion","dependencyConditions":["Succeeded"]}],"policy":{"timeout":"0.12:00:00","retry":0,"retryIntervalInSeconds":30,"secureOutput":false,"secureInput":false},"typeProperties":{"waitOnCompletion":true,"operationType":"InvokeFabricPipeline","pipelineId":"4effdf74-5465-491f-b359-1d4b968250c9","workspaceId":"83f751ae-2f96-48a8-b9fb-3622c5d124f1","parameters":{}},"externalReferences":{"connection":"[parameters('FabricDataPipelines umfabric')]"}},{"name":"Invoke Analyze","type":"InvokePipeline","dependsOn":[{"activity":"Invoke Transformation","dependencyConditions":["Succeeded"]}],"policy":{"timeout":"0.12:00:00","retry":0,"retryIntervalInSeconds":30,"secureOutput":false,"secureInput":false},"typeProperties":{"waitOnCompletion":true,"operationType":"InvokeFabricPipeline","pipelineId":"a13893ce-1a28-4800-a30b-c281df3026f6","workspaceId":"83f751ae-2f96-48a8-b9fb-3622c5d124f1","parameters":{}},"externalReferences":{"connection":"[parameters('FabricDataPipelines umfabric')]"}},{"name":"Invoke refresh report","type":"InvokePipeline","dependsOn":[{"activity":"Invoke Analyze","dependencyConditions":["Succeeded"]}],"policy":{"timeout":"0.12:00:00","retry":0,"retryIntervalInSeconds":30,"secureOutput":false,"secureInput":false},"typeProperties":{"waitOnCompletion":true,"operationType":"InvokeFabricPipeline","pipelineId":"0c424f10-ee72-4d8e-bb53-63b528bad5eb","workspaceId":"83f751ae-2f96-48a8-b9fb-3622c5d124f1","parameters":{}},"externalReferences":{"connection":"[parameters('FabricDataPipelines umfabric')]"}}],"parameters":{"p_file_date":{"type":"string","defaultValue":"2025-07-14"},"p_environment":{"type":"string","defaultValue":"Development"}},"lastModifiedByObjectId":"3c91f097-d25d-4519-b9ed-abb60e8704ed","lastPublishTime":"2025-12-06T21:55:54Z"},"dependsOn":[]},{"name":"Pipeline_ingest_smart_device","type":"pipelines","apiVersion":"2018-06-01","properties":{"activities":[{"name":"Get Folder Details","type":"GetMetadata","dependsOn":[],"policy":{"timeout":"0.12:00:00","retry":0,"retryIntervalInSeconds":30,"secureOutput":false,"secureInput":false},"typeProperties":{"fieldList":["exists"],"datasetSettings":{"annotations":[],"connectionSettings":{"name":"lh_bronze","properties":{"annotations":[],"type":"Lakehouse","typeProperties":{"workspaceId":"83f751ae-2f96-48a8-b9fb-3622c5d124f1","artifactId":"[parameters('lh_bronze')]","rootFolder":"Files"},"externalReferences":{"connection":"d5763c12-e8aa-4486-ab50-a52616e17b53"}}},"type":"Binary","typeProperties":{"location":{"type":"LakehouseLocation","fileName":{"value":"@pipeline().parameters.p_file_date","type":"Expression"},"folderPath":"smart-device/bronze-data"}}},"storeSettings":{"type":"LakehouseReadSettings","recursive":true,"enablePartitionDiscovery":false},"formatSettings":{"type":"BinaryReadSettings"}}},{"name":"If Folder Exists","type":"IfCondition","dependsOn":[{"activity":"Get Folder Details","dependencyConditions":["Succeeded"]}],"typeProperties":{"expression":{"value":"@activity('Get Folder Details').output.exists","type":"Expression"},"ifFalseActivities":[{"name":"Email Error","type":"TridentNotebook","dependsOn":[],"policy":{"timeout":"0.12:00:00","retry":0,"retryIntervalInSeconds":30,"secureOutput":false,"secureInput":false},"typeProperties":{"notebookId":"924102c7-46b7-4ea6-9f8d-17f99e27115c","workspaceId":"83f751ae-2f96-48a8-b9fb-3622c5d124f1"}}],"ifTrueActivities":[{"name":"Ingest Device File","type":"TridentNotebook","dependsOn":[],"policy":{"timeout":"0.12:00:00","retry":0,"retryIntervalInSeconds":30,"secureOutput":false,"secureInput":false},"typeProperties":{"notebookId":"734359ca-fcf8-4f8c-9bcd-f11c5fb9ab90","workspaceId":"83f751ae-2f96-48a8-b9fb-3622c5d124f1","parameters":{"p_file_date":{"value":{"value":"@pipeline().parameters.p_file_date","type":"Expression"},"type":"string"},"p_environment":{"value":{"value":"@pipeline().parameters.p_environment","type":"Expression"},"type":"string"}}}},{"name":"Ingest Model File","type":"TridentNotebook","dependsOn":[],"policy":{"timeout":"0.12:00:00","retry":0,"retryIntervalInSeconds":30,"secureOutput":false,"secureInput":false},"typeProperties":{"notebookId":"a5979d4c-d267-416e-b015-4446bedf5ba3","workspaceId":"83f751ae-2f96-48a8-b9fb-3622c5d124f1","parameters":{"p_file_date":{"value":{"value":"@pipeline().parameters.p_file_date","type":"Expression"},"type":"string"},"p_environment":{"value":{"value":"@pipeline().parameters.p_environment","type":"Expression"},"type":"string"}}}},{"name":"Ingest Category File","type":"TridentNotebook","dependsOn":[],"policy":{"timeout":"0.12:00:00","retry":0,"retryIntervalInSeconds":30,"secureOutput":false,"secureInput":false},"typeProperties":{"notebookId":"0e272096-6733-45c8-9f7a-58b022a1f33c","workspaceId":"83f751ae-2f96-48a8-b9fb-3622c5d124f1","parameters":{"p_file_date":{"value":{"value":"@pipeline().parameters.p_file_date","type":"Expression"},"type":"string"},"p_environment":{"value":{"value":"@pipeline().parameters.p_environment","type":"Expression"},"type":"string"}}}},{"name":"Ingest Camera File","type":"TridentNotebook","dependsOn":[],"policy":{"timeout":"0.12:00:00","retry":0,"retryIntervalInSeconds":30,"secureOutput":false,"secureInput":false},"typeProperties":{"notebookId":"0211a077-f1d2-4e0b-acb2-d04d3b2d9acd","workspaceId":"83f751ae-2f96-48a8-b9fb-3622c5d124f1","parameters":{"p_file_date":{"value":{"value":"@pipeline().parameters.p_file_date","type":"Expression"},"type":"string"},"p_environment":{"value":{"value":"@pipeline().parameters.p_environment","type":"Expression"},"type":"string"}}}},{"name":"Ingest Brand File","type":"TridentNotebook","dependsOn":[],"policy":{"timeout":"0.12:00:00","retry":0,"retryIntervalInSeconds":30,"secureOutput":false,"secureInput":false},"typeProperties":{"notebookId":"bd1a58a3-5170-4e2d-bf39-dcf0cb0bcef1","workspaceId":"83f751ae-2f96-48a8-b9fb-3622c5d124f1","parameters":{"p_file_date":{"value":{"value":"@pipeline().parameters.p_file_date","type":"Expression"},"type":"string"},"p_environment":{"value":{"value":"@pipeline().parameters.p_environment","type":"Expression"},"type":"string"}}}},{"name":"Ingest Physical Specs File","type":"TridentNotebook","dependsOn":[],"policy":{"timeout":"0.12:00:00","retry":0,"retryIntervalInSeconds":30,"secureOutput":false,"secureInput":false},"typeProperties":{"notebookId":"522829f3-3e0a-4e37-b458-f34becafab2b","workspaceId":"83f751ae-2f96-48a8-b9fb-3622c5d124f1","parameters":{"p_file_date":{"value":{"value":"@pipeline().parameters.p_file_date","type":"Expression"},"type":"string"},"p_environment":{"value":{"value":"@pipeline().parameters.p_environment","type":"Expression"},"type":"string"}}}},{"name":"Ingest Display File","type":"TridentNotebook","dependsOn":[],"policy":{"timeout":"0.12:00:00","retry":0,"retryIntervalInSeconds":30,"secureOutput":false,"secureInput":false},"typeProperties":{"notebookId":"c558b1c7-4d4e-4c6f-9969-b6725b34370a","workspaceId":"83f751ae-2f96-48a8-b9fb-3622c5d124f1","parameters":{"p_file_date":{"value":{"value":"@pipeline().parameters.p_file_date","type":"Expression"},"type":"string"},"p_environment":{"value":{"value":"@pipeline().parameters.p_environment","type":"Expression"},"type":"string"}}}},{"name":"Ingest Connectivity File","type":"TridentNotebook","dependsOn":[],"policy":{"timeout":"0.12:00:00","retry":0,"retryIntervalInSeconds":30,"secureOutput":false,"secureInput":false},"typeProperties":{"notebookId":"578c9a8d-6755-4703-8838-495a90c3e9d6","workspaceId":"83f751ae-2f96-48a8-b9fb-3622c5d124f1","parameters":{"p_file_date":{"value":{"value":"@pipeline().parameters.p_file_date","type":"Expression"},"type":"string"},"p_environment":{"value":{"value":"@pipeline().parameters.p_environment","type":"Expression"},"type":"string"}}}},{"name":"Ingest Oprationg System File","type":"TridentNotebook","dependsOn":[],"policy":{"timeout":"0.12:00:00","retry":0,"retryIntervalInSeconds":30,"secureOutput":false,"secureInput":false},"typeProperties":{"notebookId":"da61d773-909c-492b-b629-524ac715791c","workspaceId":"83f751ae-2f96-48a8-b9fb-3622c5d124f1","parameters":{"p_file_date":{"value":{"value":"@pipeline().parameters.p_file_date","type":"Expression"},"type":"string"},"p_environment":{"value":{"value":"@pipeline().parameters.p_environment","type":"Expression"},"type":"string"}}}}]}}],"parameters":{"p_file_date":{"type":"string","defaultValue":"2025-07-07"},"p_environment":{"type":"string","defaultValue":"Development"}},"lastModifiedByObjectId":"3c91f097-d25d-4519-b9ed-abb60e8704ed","lastPublishTime":"2025-12-04T04:07:26Z"},"dependsOn":[]},{"name":"Pipeline_transformation_smart_device","type":"pipelines","apiVersion":"2018-06-01","properties":{"activities":[{"name":"DF Transformation Brand","type":"RefreshDataflow","dependsOn":[],"policy":{"timeout":"0.12:00:00","retry":0,"retryIntervalInSeconds":30,"secureOutput":false,"secureInput":false},"typeProperties":{"dataflowId":"e4d2a3f8-139c-401d-9e43-b5376674685e","workspaceId":"83f751ae-2f96-48a8-b9fb-3622c5d124f1","notifyOption":"NoNotification","dataflowType":"Dataflow-Gen2"}},{"name":"DF Transformation Camera","type":"RefreshDataflow","dependsOn":[],"policy":{"timeout":"0.12:00:00","retry":0,"retryIntervalInSeconds":30,"secureOutput":false,"secureInput":false},"typeProperties":{"dataflowId":"36cb2d1d-4981-4787-b683-6a0aa12079a0","workspaceId":"83f751ae-2f96-48a8-b9fb-3622c5d124f1","notifyOption":"NoNotification","dataflowType":"Dataflow-Gen2"}},{"name":"DF Transformation Connectivity","type":"RefreshDataflow","dependsOn":[],"policy":{"timeout":"0.12:00:00","retry":0,"retryIntervalInSeconds":30,"secureOutput":false,"secureInput":false},"typeProperties":{"dataflowId":"f5cb2a50-7100-42a8-a118-5eb9908f6682","workspaceId":"83f751ae-2f96-48a8-b9fb-3622c5d124f1","notifyOption":"NoNotification","dataflowType":"Dataflow-Gen2"}},{"name":"DF Transformation Operationg System","type":"RefreshDataflow","dependsOn":[],"policy":{"timeout":"0.12:00:00","retry":0,"retryIntervalInSeconds":30,"secureOutput":false,"secureInput":false},"typeProperties":{"dataflowId":"43292b45-e017-4262-b267-dea63fd64e72","workspaceId":"83f751ae-2f96-48a8-b9fb-3622c5d124f1","notifyOption":"NoNotification","dataflowType":"Dataflow-Gen2"}},{"name":"Transformation Category","type":"TridentNotebook","dependsOn":[],"policy":{"timeout":"0.12:00:00","retry":0,"retryIntervalInSeconds":30,"secureOutput":false,"secureInput":false},"typeProperties":{"notebookId":"5b04df6b-caa2-4d0b-b762-0c8b2fc5455c","workspaceId":"83f751ae-2f96-48a8-b9fb-3622c5d124f1"}},{"name":"Transformation Device","type":"TridentNotebook","dependsOn":[],"policy":{"timeout":"0.12:00:00","retry":0,"retryIntervalInSeconds":30,"secureOutput":false,"secureInput":false},"typeProperties":{"notebookId":"0bc8244e-c890-41ce-9949-d00e219b80a4","workspaceId":"83f751ae-2f96-48a8-b9fb-3622c5d124f1"}},{"name":"Transformation Model","type":"TridentNotebook","dependsOn":[],"policy":{"timeout":"0.12:00:00","retry":0,"retryIntervalInSeconds":30,"secureOutput":false,"secureInput":false},"typeProperties":{"notebookId":"aac05145-0bbe-457f-b52f-3ad7dc73beb6","workspaceId":"83f751ae-2f96-48a8-b9fb-3622c5d124f1"}},{"name":"Transformation Display","type":"TridentNotebook","dependsOn":[],"policy":{"timeout":"0.12:00:00","retry":0,"retryIntervalInSeconds":30,"secureOutput":false,"secureInput":false},"typeProperties":{"notebookId":"6c8e1865-d41d-4675-acde-ca0d37c1be2a","workspaceId":"83f751ae-2f96-48a8-b9fb-3622c5d124f1"}},{"name":"Transformation Physical Specs","type":"TridentNotebook","dependsOn":[],"policy":{"timeout":"0.12:00:00","retry":0,"retryIntervalInSeconds":30,"secureOutput":false,"secureInput":false},"typeProperties":{"notebookId":"7611272b-7fd7-4d33-8317-421afa67f068","workspaceId":"83f751ae-2f96-48a8-b9fb-3622c5d124f1"}},{"name":"Transformation Dim time","type":"TridentNotebook","dependsOn":[],"policy":{"timeout":"0.12:00:00","retry":0,"retryIntervalInSeconds":30,"secureOutput":false,"secureInput":false},"typeProperties":{"notebookId":"414354d8-526e-49d8-ba09-f70ddbee6ed7","workspaceId":"83f751ae-2f96-48a8-b9fb-3622c5d124f1"}}],"lastModifiedByObjectId":"3c91f097-d25d-4519-b9ed-abb60e8704ed","lastPublishTime":"2025-12-04T17:24:54Z"},"dependsOn":[]},{"name":"Pipeline_analyze_smart_device","type":"pipelines","apiVersion":"2018-06-01","properties":{"activities":[{"name":"ForEach full load","type":"ForEach","dependsOn":[],"typeProperties":{"items":{"value":"@variables('v_full_load_array')","type":"Expression"},"activities":[{"name":"SP full load","type":"SqlServerStoredProcedure","dependsOn":[],"policy":{"timeout":"0.12:00:00","retry":0,"retryIntervalInSeconds":30,"secureOutput":false,"secureInput":false},"typeProperties":{"storedProcedureName":"[[dbo].[sp_full_load]","storedProcedureParameters":{"SourceDB":{"value":{"value":"@item().p_lh_name","type":"Expression"},"type":"String"},"SourceSchema":{"value":{"value":"@item().p_schema","type":"Expression"},"type":"String"},"SourceTable":{"value":{"value":"@item().p_table","type":"Expression"},"type":"String"}}},"connectionSettings":{"name":"wh_smart_device","properties":{"annotations":[],"type":"DataWarehouse","typeProperties":{"endpoint":"v3sg5usydivu7i35gat6qvzwke-vzi7pa4wf6uerop3gyrmluje6e.datawarehouse.fabric.microsoft.com","artifactId":"[parameters('wh_smart_device')]","workspaceId":"83f751ae-2f96-48a8-b9fb-3622c5d124f1"},"externalReferences":{"connection":"eebf7b4c-851d-4ca4-a8ad-a5cea833a54c"}}}}]}},{"name":"ForEach incremental load","type":"ForEach","dependsOn":[{"activity":"ForEach full load","dependencyConditions":["Succeeded"]}],"typeProperties":{"items":{"value":"@variables('v_incremental_load_array')","type":"Expression"},"isSequential":false,"activities":[{"name":"SP incremental load","type":"SqlServerStoredProcedure","dependsOn":[],"policy":{"timeout":"0.12:00:00","retry":0,"retryIntervalInSeconds":30,"secureOutput":false,"secureInput":false},"typeProperties":{"storedProcedureName":"[[dbo].[sp_incremental_load]","storedProcedureParameters":{"KeyColumn":{"value":{"value":"@item().p_key_column","type":"Expression"},"type":"String"},"SourceDB":{"value":{"value":"@item().p_lh_name","type":"Expression"},"type":"String"},"SourceSchema":{"value":{"value":"@item().p_schema","type":"Expression"},"type":"String"},"SourceTable":{"value":{"value":"@item().p_table","type":"Expression"},"type":"String"},"WatermarkColumn":{"value":{"value":"@item().p_watermark","type":"Expression"},"type":"String"}}},"connectionSettings":{"name":"wh_smart_device","properties":{"annotations":[],"type":"DataWarehouse","typeProperties":{"endpoint":"v3sg5usydivu7i35gat6qvzwke-vzi7pa4wf6uerop3gyrmluje6e.datawarehouse.fabric.microsoft.com","artifactId":"[parameters('wh_smart_device')]","workspaceId":"83f751ae-2f96-48a8-b9fb-3622c5d124f1"},"externalReferences":{"connection":"eebf7b4c-851d-4ca4-a8ad-a5cea833a54c"}}}}]}}],"variables":{"v_full_load_array":{"type":"Array","defaultValue":[{"p_lh_name":"lh_gold","p_schema":"dbo","p_table":"dim_category"},{"p_lh_name":"lh_gold","p_schema":"dbo","p_table":"dim_brand"},{"p_lh_name":"lh_gold","p_schema":"dbo","p_table":"dim_camera"},{"p_lh_name":"lh_gold","p_schema":"dbo","p_table":"dim_connectivity"},{"p_lh_name":"lh_gold","p_schema":"dbo","p_table":"dim_operationg_system"},{"p_lh_name":"lh_gold","p_schema":"dbo","p_table":"dim_time"}]},"v_incremental_load_array":{"type":"Array","defaultValue":[{"p_lh_name":"lh_gold","p_schema":"dbo","p_table":"fact_device","p_key_column":"device_id","p_watermark":"file_date"},{"p_lh_name":"lh_gold","p_schema":"dbo","p_table":"dim_model","p_key_column":"model_id","p_watermark":"file_date"},{"p_lh_name":"lh_gold","p_schema":"dbo","p_table":"dim_display","p_key_column":"display_id","p_watermark":"file_date"},{"p_lh_name":"lh_gold","p_schema":"dbo","p_table":"dim_physical_specs","p_key_column":"physical_spec_id","p_watermark":"file_date"}]}},"lastModifiedByObjectId":"3c91f097-d25d-4519-b9ed-abb60e8704ed","lastPublishTime":"2025-12-06T19:35:35Z"},"dependsOn":[]},{"name":"Pipeline_report_smart_data","type":"pipelines","apiVersion":"2018-06-01","properties":{"activities":[{"name":"sm refresh report","type":"PBISemanticModelRefresh","dependsOn":[],"policy":{"timeout":"0.12:00:00","retry":0,"retryIntervalInSeconds":30,"secureOutput":false,"secureInput":false},"typeProperties":{"method":"post","waitOnCompletion":true,"commitMode":"Transactional","operationType":"SemanticModelRefresh","groupId":"83f751ae-2f96-48a8-b9fb-3622c5d124f1","datasetId":"7635b616-df4e-4098-bbd4-fbee2d8fba79","objects":[{"table":"fact_device"},{"table":"dim_model"},{"table":"dim_display"},{"table":"dim_physical_specs"},{"table":"dim_camera"},{"table":"dim_brand"},{"table":"dim_operationg_system"},{"table":"dim_category"},{"table":"dim_connectivity"},{"table":"dim_time"}]},"externalReferences":{"connection":"[parameters('PowerBIDatasets umfabric')]"}}],"lastModifiedByObjectId":"3c91f097-d25d-4519-b9ed-abb60e8704ed","lastPublishTime":"2025-12-06T21:53:43Z"},"dependsOn":[]}]}