{"$schema":"http://schema.management.azure.com/schemas/2015-01-01/deploymentTemplate.json#","contentVersion":"1.0.0.0","parameters":{"lh_bronze":{"type":"string"}},"variables":{},"resources":[{"name":"Pipeline_ingest_smart_device","type":"pipelines","apiVersion":"2018-06-01","properties":{"activities":[{"name":"Get Folder Details","type":"GetMetadata","dependsOn":[],"policy":{"timeout":"0.12:00:00","retry":0,"retryIntervalInSeconds":30,"secureOutput":false,"secureInput":false},"typeProperties":{"fieldList":["exists"],"datasetSettings":{"annotations":[],"connectionSettings":{"name":"lh_bronze","properties":{"annotations":[],"type":"Lakehouse","typeProperties":{"workspaceId":"83f751ae-2f96-48a8-b9fb-3622c5d124f1","artifactId":"[parameters('lh_bronze')]","rootFolder":"Files"},"externalReferences":{"connection":"d5763c12-e8aa-4486-ab50-a52616e17b53"}}},"type":"Binary","typeProperties":{"location":{"type":"LakehouseLocation","fileName":{"value":"@pipeline().parameters.p_file_date","type":"Expression"},"folderPath":"smart-device/bronze-data"}}},"storeSettings":{"type":"LakehouseReadSettings","recursive":true,"enablePartitionDiscovery":false},"formatSettings":{"type":"BinaryReadSettings"}}},{"name":"If Folder Exists","type":"IfCondition","dependsOn":[{"activity":"Get Folder Details","dependencyConditions":["Succeeded"]}],"typeProperties":{"expression":{"value":"@activity('Get Folder Details').output.exists","type":"Expression"},"ifFalseActivities":[{"name":"Email Error","type":"TridentNotebook","dependsOn":[],"policy":{"timeout":"0.12:00:00","retry":0,"retryIntervalInSeconds":30,"secureOutput":false,"secureInput":false},"typeProperties":{"notebookId":"924102c7-46b7-4ea6-9f8d-17f99e27115c","workspaceId":"83f751ae-2f96-48a8-b9fb-3622c5d124f1"}}],"ifTrueActivities":[{"name":"Ingest Device File","type":"TridentNotebook","dependsOn":[],"policy":{"timeout":"0.12:00:00","retry":0,"retryIntervalInSeconds":30,"secureOutput":false,"secureInput":false},"typeProperties":{"notebookId":"734359ca-fcf8-4f8c-9bcd-f11c5fb9ab90","workspaceId":"83f751ae-2f96-48a8-b9fb-3622c5d124f1","parameters":{"p_file_date":{"value":{"value":"@pipeline().parameters.p_file_date","type":"Expression"},"type":"string"},"p_environment":{"value":{"value":"@pipeline().parameters.p_environment","type":"Expression"},"type":"string"}}}},{"name":"Ingest Model File","type":"TridentNotebook","dependsOn":[],"policy":{"timeout":"0.12:00:00","retry":0,"retryIntervalInSeconds":30,"secureOutput":false,"secureInput":false},"typeProperties":{"notebookId":"a5979d4c-d267-416e-b015-4446bedf5ba3","workspaceId":"83f751ae-2f96-48a8-b9fb-3622c5d124f1","parameters":{"p_file_date":{"value":{"value":"@pipeline().parameters.p_file_date","type":"Expression"},"type":"string"},"p_environment":{"value":{"value":"@pipeline().parameters.p_environment","type":"Expression"},"type":"string"}}}},{"name":"Ingest Category File","type":"TridentNotebook","dependsOn":[],"policy":{"timeout":"0.12:00:00","retry":0,"retryIntervalInSeconds":30,"secureOutput":false,"secureInput":false},"typeProperties":{"notebookId":"0e272096-6733-45c8-9f7a-58b022a1f33c","workspaceId":"83f751ae-2f96-48a8-b9fb-3622c5d124f1","parameters":{"p_file_date":{"value":{"value":"@pipeline().parameters.p_file_date","type":"Expression"},"type":"string"},"p_environment":{"value":{"value":"@pipeline().parameters.p_environment","type":"Expression"},"type":"string"}}}},{"name":"Ingest Camera File","type":"TridentNotebook","dependsOn":[],"policy":{"timeout":"0.12:00:00","retry":0,"retryIntervalInSeconds":30,"secureOutput":false,"secureInput":false},"typeProperties":{"notebookId":"0211a077-f1d2-4e0b-acb2-d04d3b2d9acd","workspaceId":"83f751ae-2f96-48a8-b9fb-3622c5d124f1","parameters":{"p_file_date":{"value":{"value":"@pipeline().parameters.p_file_date","type":"Expression"},"type":"string"},"p_environment":{"value":{"value":"@pipeline().parameters.p_environment","type":"Expression"},"type":"string"}}}},{"name":"Ingest Brand File","type":"TridentNotebook","dependsOn":[],"policy":{"timeout":"0.12:00:00","retry":0,"retryIntervalInSeconds":30,"secureOutput":false,"secureInput":false},"typeProperties":{"notebookId":"bd1a58a3-5170-4e2d-bf39-dcf0cb0bcef1","workspaceId":"83f751ae-2f96-48a8-b9fb-3622c5d124f1","parameters":{"p_file_date":{"value":{"value":"@pipeline().parameters.p_file_date","type":"Expression"},"type":"string"},"p_environment":{"value":{"value":"@pipeline().parameters.p_environment","type":"Expression"},"type":"string"}}}},{"name":"Ingest Physical Specs File","type":"TridentNotebook","dependsOn":[],"policy":{"timeout":"0.12:00:00","retry":0,"retryIntervalInSeconds":30,"secureOutput":false,"secureInput":false},"typeProperties":{"notebookId":"522829f3-3e0a-4e37-b458-f34becafab2b","workspaceId":"83f751ae-2f96-48a8-b9fb-3622c5d124f1","parameters":{"p_file_date":{"value":{"value":"@pipeline().parameters.p_file_date","type":"Expression"},"type":"string"},"p_environment":{"value":{"value":"@pipeline().parameters.p_environment","type":"Expression"},"type":"string"}}}},{"name":"Ingest Display File","type":"TridentNotebook","dependsOn":[],"policy":{"timeout":"0.12:00:00","retry":0,"retryIntervalInSeconds":30,"secureOutput":false,"secureInput":false},"typeProperties":{"notebookId":"c558b1c7-4d4e-4c6f-9969-b6725b34370a","workspaceId":"83f751ae-2f96-48a8-b9fb-3622c5d124f1","parameters":{"p_file_date":{"value":{"value":"@pipeline().parameters.p_file_date","type":"Expression"},"type":"string"},"p_environment":{"value":{"value":"@pipeline().parameters.p_environment","type":"Expression"},"type":"string"}}}},{"name":"Ingest Connectivity File","type":"TridentNotebook","dependsOn":[],"policy":{"timeout":"0.12:00:00","retry":0,"retryIntervalInSeconds":30,"secureOutput":false,"secureInput":false},"typeProperties":{"notebookId":"578c9a8d-6755-4703-8838-495a90c3e9d6","workspaceId":"83f751ae-2f96-48a8-b9fb-3622c5d124f1","parameters":{"p_file_date":{"value":{"value":"@pipeline().parameters.p_file_date","type":"Expression"},"type":"string"},"p_environment":{"value":{"value":"@pipeline().parameters.p_environment","type":"Expression"},"type":"string"}}}},{"name":"Ingest Oprationg System File","type":"TridentNotebook","dependsOn":[],"policy":{"timeout":"0.12:00:00","retry":0,"retryIntervalInSeconds":30,"secureOutput":false,"secureInput":false},"typeProperties":{"notebookId":"da61d773-909c-492b-b629-524ac715791c","workspaceId":"83f751ae-2f96-48a8-b9fb-3622c5d124f1","parameters":{"p_file_date":{"value":{"value":"@pipeline().parameters.p_file_date","type":"Expression"},"type":"string"},"p_environment":{"value":{"value":"@pipeline().parameters.p_environment","type":"Expression"},"type":"string"}}}}]}}],"parameters":{"p_file_date":{"type":"string","defaultValue":"2025-07-07"},"p_environment":{"type":"string","defaultValue":"Development"}},"lastModifiedByObjectId":"3c91f097-d25d-4519-b9ed-abb60e8704ed","lastPublishTime":"2025-12-04T04:07:26Z"},"dependsOn":[]}]}