{"$schema":"http://schema.management.azure.com/schemas/2015-01-01/deploymentTemplate.json#","contentVersion":"1.0.0.0","parameters":{},"variables":{},"resources":[{"name":"Pipeline_transformation_smart_device","type":"pipelines","apiVersion":"2018-06-01","properties":{"activities":[{"name":"DF Transformation Brand","type":"RefreshDataflow","dependsOn":[],"policy":{"timeout":"0.12:00:00","retry":0,"retryIntervalInSeconds":30,"secureOutput":false,"secureInput":false},"typeProperties":{"dataflowId":"e4d2a3f8-139c-401d-9e43-b5376674685e","workspaceId":"83f751ae-2f96-48a8-b9fb-3622c5d124f1","notifyOption":"NoNotification","dataflowType":"Dataflow-Gen2"}},{"name":"DF Transformation Camera","type":"RefreshDataflow","dependsOn":[],"policy":{"timeout":"0.12:00:00","retry":0,"retryIntervalInSeconds":30,"secureOutput":false,"secureInput":false},"typeProperties":{"dataflowId":"36cb2d1d-4981-4787-b683-6a0aa12079a0","workspaceId":"83f751ae-2f96-48a8-b9fb-3622c5d124f1","notifyOption":"NoNotification","dataflowType":"Dataflow-Gen2"}},{"name":"DF Transformation Connectivity","type":"RefreshDataflow","dependsOn":[],"policy":{"timeout":"0.12:00:00","retry":0,"retryIntervalInSeconds":30,"secureOutput":false,"secureInput":false},"typeProperties":{"dataflowId":"f5cb2a50-7100-42a8-a118-5eb9908f6682","workspaceId":"83f751ae-2f96-48a8-b9fb-3622c5d124f1","notifyOption":"NoNotification","dataflowType":"Dataflow-Gen2"}},{"name":"DF Transformation Operationg System","type":"RefreshDataflow","dependsOn":[],"policy":{"timeout":"0.12:00:00","retry":0,"retryIntervalInSeconds":30,"secureOutput":false,"secureInput":false},"typeProperties":{"dataflowId":"43292b45-e017-4262-b267-dea63fd64e72","workspaceId":"83f751ae-2f96-48a8-b9fb-3622c5d124f1","notifyOption":"NoNotification","dataflowType":"Dataflow-Gen2"}},{"name":"Transformation Category","type":"TridentNotebook","dependsOn":[],"policy":{"timeout":"0.12:00:00","retry":0,"retryIntervalInSeconds":30,"secureOutput":false,"secureInput":false},"typeProperties":{"notebookId":"5b04df6b-caa2-4d0b-b762-0c8b2fc5455c","workspaceId":"83f751ae-2f96-48a8-b9fb-3622c5d124f1"}},{"name":"Transformation Device","type":"TridentNotebook","dependsOn":[],"policy":{"timeout":"0.12:00:00","retry":0,"retryIntervalInSeconds":30,"secureOutput":false,"secureInput":false},"typeProperties":{"notebookId":"0bc8244e-c890-41ce-9949-d00e219b80a4","workspaceId":"83f751ae-2f96-48a8-b9fb-3622c5d124f1"}},{"name":"Transformation Model","type":"TridentNotebook","dependsOn":[],"policy":{"timeout":"0.12:00:00","retry":0,"retryIntervalInSeconds":30,"secureOutput":false,"secureInput":false},"typeProperties":{"notebookId":"aac05145-0bbe-457f-b52f-3ad7dc73beb6","workspaceId":"83f751ae-2f96-48a8-b9fb-3622c5d124f1"}},{"name":"Transformation Display","type":"TridentNotebook","dependsOn":[],"policy":{"timeout":"0.12:00:00","retry":0,"retryIntervalInSeconds":30,"secureOutput":false,"secureInput":false},"typeProperties":{"notebookId":"6c8e1865-d41d-4675-acde-ca0d37c1be2a","workspaceId":"83f751ae-2f96-48a8-b9fb-3622c5d124f1"}},{"name":"Transformation Physical Specs","type":"TridentNotebook","dependsOn":[],"policy":{"timeout":"0.12:00:00","retry":0,"retryIntervalInSeconds":30,"secureOutput":false,"secureInput":false},"typeProperties":{"notebookId":"7611272b-7fd7-4d33-8317-421afa67f068","workspaceId":"83f751ae-2f96-48a8-b9fb-3622c5d124f1"}},{"name":"Transformation Dim time","type":"TridentNotebook","dependsOn":[],"policy":{"timeout":"0.12:00:00","retry":0,"retryIntervalInSeconds":30,"secureOutput":false,"secureInput":false},"typeProperties":{"notebookId":"414354d8-526e-49d8-ba09-f70ddbee6ed7","workspaceId":"83f751ae-2f96-48a8-b9fb-3622c5d124f1"}}],"lastModifiedByObjectId":"3c91f097-d25d-4519-b9ed-abb60e8704ed","lastPublishTime":"2025-12-04T17:24:54Z"},"dependsOn":[]}]}